NAME,CODE,Digit_Match_Level,Count,LEN
ADHD/ANTI-NARCOLEPSY/ANTI-OBESITY/ANOREXIANTS,6100000000,2 digit,1,10
ALTERNATIVE MEDICINES,9500000000,2 digit,2,10
AMEBICIDES,1400000000,2 digit,3,10
AMINOGLYCOSIDES,0700000000,2 digit,4,10
ANALGESICS - ANTI-INFLAMMATORY,0900000000,2 digit,5,10
ANALGESICS - NONNARCOTIC,0200000000,2 digit,6,10
ANALGESICS - OPIOID,0500000000,2 digit,7,10
ANDROGENS-ANABOLIC,0300000000,2 digit,8,10
ANORECTAL AGENTS,0100000000,2 digit,9,10
ANTACIDS,0800000000,2 digit,10,10
ANTHELMINTICS,0400000000,2 digit,11,10
ANTI-INFECTIVE AGENTS - MISC.,0700000000,2 digit,12,10
ANTIANGINAL AGENTS,0120000000,2 digit,13,10
ANTIANXIETY AGENTS,0999000000,2 digit,14,10
ANTIARRHYTHMICS,0900000000,2 digit,15,10
ANTIASTHMATIC AND BRONCHODILATOR AGENTS,0340000000,2 digit,16,10
ANTICOAGULANTS,0210000000,2 digit,17,10
ANTICONVULSANTS,0220000000,2 digit,18,10
ANTIDEPRESSANTS,0230000000,2 digit,19,10
ANTIDIABETICS,0240000000,2 digit,20,10
ANTIDIARRHEALS,0250000000,2 digit,21,10
ANTIDOTES,0350000000,2 digit,22,10
ANTIEMETICS,0310000000,2 digit,23,10
ANTIFUNGALS,0140000000,2 digit,24,10
ANTIHISTAMINES,0353000000,2 digit,25,10
ANTIHYPERLIPIDEMICS,0500000000,2 digit,26,10
ANTIHYPERTENSIVES,0110000000,2 digit,27,10
ANTIMALARIALS,0199000000,2 digit,28,10
ANTIMYASTHENIC AGENTS,0130000000,2 digit,29,10
ANTIMYCOBACTERIAL AGENTS,0800000000,2 digit,30,10
ANTINEOPLASTICS AND ADJUNCTIVE THERAPIES,0499000000,2 digit,31,10
ANTIPARKINSON AGENTS,0400000000,2 digit,32,10
ANTIPSYCHOTICS/ANTIMANIC AGENTS,5900000000,2 digit,33,10
ANTISEPTICS & DISINFECTANTS,9200000000,2 digit,34,10
ANTIVIRALS,1200000000,2 digit,35,10
ASSORTED CLASSES,9900000000,2 digit,36,10
BETA BLOCKERS,3300000000,2 digit,37,10
BIOLOGICALS MISC,2000000000,2 digit,38,10
CALCIUM CHANNEL BLOCKERS,3400000000,2 digit,39,10
CARDIOTONICS,3100000000,2 digit,40,10
CARDIOVASCULAR AGENTS - MISC.,4000000000,2 digit,41,10
CEPHALOSPORINS,0200000000,2 digit,42,10
CHEMICALS,9600000000,2 digit,43,10
CONTRACEPTIVES,2500000000,2 digit,44,10
CORTICOSTEROIDS,2200000000,2 digit,45,10
COUGH/COLD/ALLERGY,4300000000,2 digit,46,10
DERMATOLOGICALS,9000000000,2 digit,47,10
DIAGNOSTIC PRODUCTS,9400000000,2 digit,48,10
DIETARY PRODUCTS/DIETARY MANAGEMENT PRODUCTS,8100000000,2 digit,49,10
DIGESTIVE AIDS,5100000000,2 digit,50,10
DIURETICS,3700000000,2 digit,51,10
ENDOCRINE AND METABOLIC AGENTS - MISC.,3000000000,2 digit,52,10
ESTROGENS,2400000000,2 digit,53,10
FLUOROQUINOLONES,0500000000,2 digit,54,10
GASTROINTESTINAL AGENTS - MISC.,5200000000,2 digit,55,10
GENERAL ANESTHETICS,7000000000,2 digit,56,10
GENITOURINARY AGENTS - MISCELLANEOUS,5600000000,2 digit,57,10
GOUT AGENTS,6800000000,2 digit,58,10
HEMATOLOGICAL AGENTS - MISC.,8500000000,2 digit,59,10
HEMATOPOIETIC AGENTS,8200000000,2 digit,60,10
HEMOSTATICS,8400000000,2 digit,61,10
HYPNOTICS,6000000000,2 digit,62,10
LAXATIVES,4600000000,2 digit,63,10
LOCAL ANESTHETICS-PARENTERAL,6900000000,2 digit,64,10
MACROLIDES,0300000000,2 digit,65,10
MEDICAL DEVICES,9700000000,2 digit,66,10
MIGRAINE PRODUCTS,6700000000,2 digit,67,10
MINERALS & ELECTROLYTES,7900000000,2 digit,68,10
MOUTH/THROAT/DENTAL AGENTS,8800000000,2 digit,69,10
MULTIVITAMINS,7800000000,2 digit,70,10
MUSCULOSKELETAL THERAPY AGENTS,7500000000,2 digit,71,10
NASAL AGENTS - SYSTEMIC AND TOPICAL,4200000000,2 digit,72,10
NEUROMUSCULAR AGENTS,7400000000,2 digit,73,10
NUTRIENTS,8000000000,2 digit,74,10
OPHTHALMIC AGENTS,8600000000,2 digit,75,10
OTIC AGENTS,8700000000,2 digit,76,10
OXYTOCICS,2900000000,2 digit,77,10
PASSIVE IMMUNIZING AGENTS,1900000000,2 digit,78,10
PENICILLINS,0100000000,2 digit,79,10
PHARMACEUTICAL ADJUVANTS,9800000000,2 digit,80,10
PROGESTINS,2600000000,2 digit,81,10
PSYCHOTHERAPEUTIC AND NEUROLOGICAL AGENTS - MISC.,6200000000,2 digit,82,10
RESPIRATORY AGENTS - MISC.,4500000000,2 digit,83,10
SULFONAMIDES,0800000000,2 digit,84,10
TETRACYCLINES,0400000000,2 digit,85,10
THYROID AGENTS,2800000000,2 digit,86,10
TOXOIDS,1800000000,2 digit,87,10
ULCER DRUGS,4900000000,2 digit,88,10
URINARY ANTI-INFECTIVES,5300000000,2 digit,89,10
URINARY ANTISPASMODICS,5400000000,2 digit,90,10
VACCINES,1700000000,2 digit,91,10
VAGINAL PRODUCTS,5500000000,2 digit,92,10
VASOPRESSORS,3800000000,2 digit,93,10
VITAMINS,7700000000,2 digit,94,10
5-HT3 RECEPTOR ANTAGONISTS,5025000000,4 digit,1,10
ABORTIFACIENTS/AGENTS FOR CERVICAL RIPENING,2920000000,4 digit,2,10
ACE INHIBITORS,3610000000,4 digit,3,10
ACIDIFIERS,5610000000,4 digit,4,10
"ACIDS, BASES, & BUFFERS",9610000000,4 digit,5,10
ACNE PRODUCTS,9005000000,4 digit,6,10
AGENTS FOR CHEMICAL DEPENDENCY,6280000000,4 digit,7,10
AGENTS FOR EXTERNAL GENITAL AND PERIANAL WARTS,9076000000,4 digit,8,10
AGENTS FOR FACIAL WRINKLES,9088000000,4 digit,9,10
AGENTS FOR GAUCHER DISEASE,8270000000,4 digit,10,10
AGENTS FOR PHEOCHROMOCYTOMA,3630000000,4 digit,11,10
AGENTS FOR SICKLE CELL ANEMIA,8280000000,4 digit,12,10
ALKALINIZERS,5620000000,4 digit,13,10
ALKALIZING AGENTS,9805000000,4 digit,14,10
ALKYLATING AGENTS,2110000000,4 digit,15,10
ALLERGENIC EXTRACTS,2010000000,4 digit,16,10
ALPHA-2 RECEPTOR ANTAGONISTS (TETRACYCLICS),5803000000,4 digit,17,10
ALPHA-BETA BLOCKERS,3330000000,4 digit,18,10
ALPHA-GLUCOSIDASE INHIBITORS,2750000000,4 digit,19,10
ALPHA-PROTEINASE INHIBITOR (HUMAN),4510000000,4 digit,20,10
ALS AGENTS,7450000000,4 digit,21,10
ALTERNATIVE MEDICINE - A'S,9503000000,4 digit,22,10
ALTERNATIVE MEDICINE - B'S,9506000000,4 digit,23,10
ALTERNATIVE MEDICINE - C'S,9509000000,4 digit,24,10
ALTERNATIVE MEDICINE - D'S,9512000000,4 digit,25,10
ALTERNATIVE MEDICINE - E'S,9515000000,4 digit,26,10
ALTERNATIVE MEDICINE - F'S,9518000000,4 digit,27,10
ALTERNATIVE MEDICINE - G'S,9521000000,4 digit,28,10
ALTERNATIVE MEDICINE - H'S,9524000000,4 digit,29,10
ALTERNATIVE MEDICINE - K'S,9533000000,4 digit,30,10
ALTERNATIVE MEDICINE - L'S,9536000000,4 digit,31,10
ALTERNATIVE MEDICINE - M'S,9539000000,4 digit,32,10
ALTERNATIVE MEDICINE - N'S,9542000000,4 digit,33,10
ALTERNATIVE MEDICINE - O'S,9545000000,4 digit,34,10
ALTERNATIVE MEDICINE - P'S,9548000000,4 digit,35,10
ALTERNATIVE MEDICINE - R'S,9554000000,4 digit,36,10
ALTERNATIVE MEDICINE - S'S,9557000000,4 digit,37,10
ALTERNATIVE MEDICINE - T'S,9560000000,4 digit,38,10
ALTERNATIVE MEDICINE - U,9563000000,4 digit,39,10
ALTERNATIVE MEDICINE - V'S,9566000000,4 digit,40,10
ALTERNATIVE MEDICINE - W'S,9569000000,4 digit,41,10
ALTERNATIVE MEDICINE - Y'S,9575000000,4 digit,42,10
ALTERNATIVE MEDICINE COMBINATIONS,9599000000,4 digit,43,10
AMEBICIDES,1400000000,4 digit,44,10
AMINOGLYCOSIDES,0700000000,4 digit,45,10
AMINOPENICILLINS,0120000000,4 digit,46,10
AMPHETAMINES,6110000000,4 digit,47,10
ANABOLIC STEROIDS,2320000000,4 digit,48,10
ANALEPTICS,6130000000,4 digit,49,10
ANALGESIC COMBINATIONS,6499000000,4 digit,50,10
ANALGESICS - ANTI-INFLAMMATORY COMBINATIONS,6699000000,4 digit,51,10
ANALGESICS - TOPICAL,9007000000,4 digit,52,10
ANALGESICS OTHER,6420000000,4 digit,53,10
ANALGESICS-PEPTIDE CHANNEL BLOCKERS,6415000000,4 digit,54,10
ANAPHYLAXIS THERAPY AGENTS,3890000000,4 digit,55,10
ANDROGENS,2310000000,4 digit,56,10
ANESTHETICS - MISC.,7040000000,4 digit,57,10
ANESTHETICS TOPICAL ORAL,8835000000,4 digit,58,10
ANGIOTENSIN II RECEPTOR ANTAGONISTS,3615000000,4 digit,59,10
ANOREXIANTS NON-AMPHETAMINE,6120000000,4 digit,60,10
ANTACID COMBINATIONS,4899000000,4 digit,61,10
ANTACIDS - ALUMINUM SALTS,4810000000,4 digit,62,10
ANTACIDS - BICARBONATE,4820000000,4 digit,63,10
ANTACIDS - CALCIUM SALTS,4830000000,4 digit,64,10
ANTACIDS - MAGNESIUM SALTS,4840000000,4 digit,65,10
ANTACIDS - SODIUM CITRATE,4850000000,4 digit,66,10
ANTHELMINTICS,1500000000,4 digit,67,10
ANTI TB COMBINATIONS,0999000000,4 digit,68,10
ANTI-CATAPLECTIC AGENTS,6245000000,4 digit,69,10
ANTI-INFECTIVE AGENTS - MISC.,1600000000,4 digit,70,10
ANTI-INFECTIVE MISC. - COMBINATIONS,1699000000,4 digit,71,10
ANTI-INFECTIVES - THROAT,8810000000,4 digit,72,10
ANTI-INFLAMMATORY AGENTS,4415000000,4 digit,73,10
ANTI-INFLAMMATORY AGENTS - TOPICAL,9021000000,4 digit,74,10
ANTI-OBESITY AGENTS,6125000000,4 digit,75,10
ANTI-TNF-ALPHA - MONOCLONOAL ANTIBODIES,6627000000,4 digit,76,10
ANTIADRENERGIC ANTIHYPERTENSIVES,3620000000,4 digit,77,10
ANTIALLERGY AGENTS - MOUTH/THROAT,8827000000,4 digit,78,10
ANTIANGINALS-OTHER,3220000000,4 digit,79,10
ANTIANXIETY AGENT COMBINATIONS,5799000000,4 digit,80,10
ANTIANXIETY AGENTS - MISC.,5720000000,4 digit,81,10
ANTIARRHYTHMICS - MISC.,3550000000,4 digit,82,10
ANTIARRHYTHMICS TYPE I-A,3510000000,4 digit,83,10
ANTIARRHYTHMICS TYPE I-B,3520000000,4 digit,84,10
ANTIARRHYTHMICS TYPE I-C,3530000000,4 digit,85,10
ANTIARRHYTHMICS TYPE III,3540000000,4 digit,86,10
ANTIASTHMATIC - MONOCLONAL ANTIBODIES,4460000000,4 digit,87,10
ANTIBIOTICS - TOPICAL,9010000000,4 digit,88,10
ANTICONVULSANT COMBINATIONS,7299000000,4 digit,89,10
ANTICONVULSANTS - BENZODIAZEPINES,7210000000,4 digit,90,10
ANTICONVULSANTS - MISC.,7260000000,4 digit,91,10
ANTIDEMENTIA AGENTS,6205000000,4 digit,92,10
ANTIDEPRESSANT COMBINATIONS,5899000000,4 digit,93,10
ANTIDEPRESSANTS - MISC.,5830000000,4 digit,94,10
ANTIDIABETIC - AMYLIN ANALOGS,2715000000,4 digit,95,10
ANTIDIABETIC COMBINATIONS,2799000000,4 digit,96,10
ANTIDIARRHEAL AGENTS - MISC.,4730000000,4 digit,97,10
ANTIDIARRHEAL COMBINATIONS,4799000000,4 digit,98,10
ANTIDOTE COMBINATIONS AND KITS,9399000000,4 digit,99,10
ANTIDOTES,9300000000,4 digit,100,10
ANTIDOTES - CHELATING AGENTS,9310000000,4 digit,101,10
ANTIEMETICS - ANTICHOLINERGIC,5020000000,4 digit,102,10
ANTIEMETICS - MISCELLANEOUS,5030000000,4 digit,103,10
ANTIFLATULENTS,5220000000,4 digit,104,10
ANTIFUNGAL - GLUCAN SYNTHESIS INHIBITORS (ECHINOCANDINS),1150000000,4 digit,105,10
ANTIFUNGALS,1100000000,4 digit,106,10
ANTIFUNGALS - TOPICAL,9015000000,4 digit,107,10
ANTIHEMOPHILIC PRODUCTS,8510000000,4 digit,108,10
ANTIHISTAMINE HYPNOTICS,6030000000,4 digit,109,10
ANTIHISTAMINES - ALKYLAMINES,4110000000,4 digit,110,10
ANTIHISTAMINES - COMBINATIONS,4199000000,4 digit,111,10
ANTIHISTAMINES - ETHANOLAMINES,4120000000,4 digit,112,10
ANTIHISTAMINES - ETHYLENEDIAMINES,4130000000,4 digit,113,10
ANTIHISTAMINES - NON-SEDATING,4155000000,4 digit,114,10
ANTIHISTAMINES - PHENOTHIAZINES,4140000000,4 digit,115,10
ANTIHISTAMINES - PIPERIDINES,4150000000,4 digit,116,10
ANTIHISTAMINES-TOPICAL,9020000000,4 digit,117,10
ANTIHYPERLIPIDEMICS - COMBINATIONS,3999000000,4 digit,118,10
ANTIHYPERLIPIDEMICS - MISC.,3950000000,4 digit,119,10
ANTIHYPERTENSIVE COMBINATIONS,3699000000,4 digit,120,10
ANTIHYPERTENSIVES - MISC.,3660000000,4 digit,121,10
ANTIMALARIAL COMBINATIONS,1399000000,4 digit,122,10
ANTIMALARIALS,1300000000,4 digit,123,10
ANTIMANIC AGENTS,5950000000,4 digit,124,10
ANTIMETABOLITES,2130000000,4 digit,125,10
ANTIMICROBIAL AGENTS,9810000000,4 digit,126,10
ANTIMYASTHENIC AGENTS,7600000000,4 digit,127,10
ANTIMYASTHENIC COMBINATIONS,7699000000,4 digit,128,10
ANTIMYCOBACTERIAL AGENTS,0900000000,4 digit,129,10
ANTINEOPLASTIC - ANGIOGENESIS INHIBITORS,2133000000,4 digit,130,10
ANTINEOPLASTIC - ANTIBODIES,2135000000,4 digit,131,10
ANTINEOPLASTIC - CELLULAR IMMUNOTHERAPY,2165000000,4 digit,132,10
ANTINEOPLASTIC - HEDGEHOG PATHWAY INHIBITORS,2137000000,4 digit,133,10
ANTINEOPLASTIC - HORMONAL AND RELATED AGENTS,2140000000,4 digit,134,10
ANTINEOPLASTIC - IMMUNOMODULATORS,2145000000,4 digit,135,10
ANTINEOPLASTIC ANTIBIOTICS,2120000000,4 digit,136,10
ANTINEOPLASTIC COMBINATIONS,2199000000,4 digit,137,10
ANTINEOPLASTIC ENZYME INHIBITORS,2153000000,4 digit,138,10
ANTINEOPLASTIC ENZYMES,2125000000,4 digit,139,10
ANTINEOPLASTIC OR PREMALIGNANT LESION AGENTS - TOPICAL,9037000000,4 digit,140,10
ANTINEOPLASTIC RADIOPHARMACEUTICALS,2160000000,4 digit,141,10
ANTINEOPLASTICS MISC.,2170000000,4 digit,142,10
ANTIPARKINSON ADJUVANTS,7340000000,4 digit,143,10
ANTIPARKINSON ANTICHOLINERGICS,7310000000,4 digit,144,10
ANTIPARKINSON COMT INHIBITORS,7315000000,4 digit,145,10
ANTIPARKINSON DOPAMINERGICS,7320000000,4 digit,146,10
ANTIPARKINSON MONOAMINE OXIDASE INHIBITORS,7330000000,4 digit,147,10
ANTIPERISTALTIC AGENTS,4710000000,4 digit,148,10
ANTIPROTOZOAL AGENTS,1640000000,4 digit,149,10
ANTIPRURITICS - TOPICAL,9022000000,4 digit,150,10
ANTIPSORIATICS,9025000000,4 digit,151,10
ANTIPSYCHOTICS - MISC.,5940000000,4 digit,152,10
ANTIRETROVIRALS,1210000000,4 digit,153,10
ANTIRHEUMATIC ANTIMETABOLITES,6625000000,4 digit,154,10
ANTISEBORRHEIC PRODUCTS,9030000000,4 digit,155,10
ANTISEPTIC COMBINATIONS,9299000000,4 digit,156,10
ANTISEPTICS & DISINFECTANTS,9200000000,4 digit,157,10
ANTISEPTICS - MOUTH/THROAT,8815000000,4 digit,158,10
ANTISPASMODICS,4910000000,4 digit,159,10
ANTITHYROID AGENTS,2830000000,4 digit,160,10
ANTITOXINS-ANTIVENINS,1920000000,4 digit,161,10
ANTITUSSIVES,4310000000,4 digit,162,10
ANTIVIRAL COMBINATIONS,1299000000,4 digit,163,10
ANTIVIRALS - TOPICAL,9035000000,4 digit,164,10
ARTICULAR CARTILAGE REPAIR THERAPY,7584000000,4 digit,165,10
ARTIFICIAL TEARS AND LUBRICANTS,8620000000,4 digit,166,10
ASSORTED CLASSES,9900000000,4 digit,167,10
ASTHMA AND BRONCHODILATOR AGENT COMBINATIONS,4499000000,4 digit,168,10
ATTENTION-DEFICIT/HYPERACTIVITY DISORDER (ADHD) AGENTS,6135000000,4 digit,169,10
AUDITORY SUPPLIES,9757000000,4 digit,170,10
AZITHROMYCIN,0340000000,4 digit,171,10
B-COMPLEX VITAMINS,7811000000,4 digit,172,10
B-COMPLEX W/ C,7812000000,4 digit,173,10
B-COMPLEX W/ FOLIC ACID,7813000000,4 digit,174,10
B-COMPLEX W/ IRON,7814000000,4 digit,175,10
B-COMPLEX W/ MINERALS,7815000000,4 digit,176,10
BACK PLASTERS,9739000000,4 digit,177,10
BACTERIAL VACCINES,1720000000,4 digit,178,10
BANDAGES-DRESSINGS-TAPE,9730000000,4 digit,179,10
BARBITURATE ANESTHETICS,7010000000,4 digit,180,10
BARBITURATE HYPNOTICS,6010000000,4 digit,181,10
BATH PRODUCTS,9040000000,4 digit,182,10
BENZISOXAZOLES,5907000000,4 digit,183,10
BENZODIAZEPINE ANTAGONISTS,9320000000,4 digit,184,10
BENZODIAZEPINES,5710000000,4 digit,185,10
BETA BLOCKER COMBINATIONS,3399000000,4 digit,186,10
BETA BLOCKERS CARDIO-SELECTIVE,3320000000,4 digit,187,10
BETA BLOCKERS NON-SELECTIVE,3310000000,4 digit,188,10
BETA-BLOCKERS - OPHTHALMIC,8625000000,4 digit,189,10
BICARBONATES,7905000000,4 digit,190,10
BIGUANIDES,2725000000,4 digit,191,10
BILE ACID SEQUESTRANTS,3910000000,4 digit,192,10
BIOFLAVONOID PRODUCTS,7816000000,4 digit,193,10
BIOLOGICALS MISC,2000000000,4 digit,194,10
BLOOD MONITORING SUPPLIES,9722000000,4 digit,195,10
BLOOD PRESSURE DEVICES,9775000000,4 digit,196,10
BONE DENSITY REGULATORS,3004000000,4 digit,197,10
BRADYKININ B2 RECEPTOR ANTAGONISTS,8582000000,4 digit,198,10
BRONCHODILATORS - ANTICHOLINERGICS,4410000000,4 digit,199,10
BULK CHEMICALS,9690000000,4 digit,200,10
BULK CHEMICALS - A'S,9642000000,4 digit,201,10
BULK CHEMICALS - B'S,9644000000,4 digit,202,10
BULK CHEMICALS - C'S,9646000000,4 digit,203,10
BULK CHEMICALS - D'S,9648000000,4 digit,204,10
BULK CHEMICALS - E'S,9650000000,4 digit,205,10
BULK CHEMICALS - F'S,9652000000,4 digit,206,10
BULK CHEMICALS - G'S,9654000000,4 digit,207,10
BULK CHEMICALS - H'S,9656000000,4 digit,208,10
BULK CHEMICALS - I'S,9658000000,4 digit,209,10
BULK CHEMICALS - J'S,9660000000,4 digit,210,10
BULK CHEMICALS - K'S,9662000000,4 digit,211,10
BULK CHEMICALS - L'S,9664000000,4 digit,212,10
BULK CHEMICALS - M'S,9666000000,4 digit,213,10
BULK CHEMICALS - N'S,9668000000,4 digit,214,10
BULK CHEMICALS - O'S,9670000000,4 digit,215,10
BULK CHEMICALS - P'S,9672000000,4 digit,216,10
BULK CHEMICALS - Q'S,9674000000,4 digit,217,10
BULK CHEMICALS - R'S,9676000000,4 digit,218,10
BULK CHEMICALS - S'S,9678000000,4 digit,219,10
BULK CHEMICALS - T'S,9680000000,4 digit,220,10
BULK CHEMICALS - U'S,9682000000,4 digit,221,10
BULK CHEMICALS - V'S,9684000000,4 digit,222,10
BULK CHEMICALS - W'S,9686000000,4 digit,223,10
BULK CHEMICALS - X,9687000000,4 digit,224,10
BULK CHEMICALS - Y'S,9688000000,4 digit,225,10
BULK CHEMICALS - Z'S,9689000000,4 digit,226,10
BULK LAXATIVES,4630000000,4 digit,227,10
BURN PRODUCTS,9045000000,4 digit,228,10
BUTYROPHENONES,5910000000,4 digit,229,10
CALCIUM,7910000000,4 digit,230,10
CALCIUM CHANNEL BLOCKER COMBINATIONS,3499000000,4 digit,231,10
CALCIUM CHANNEL BLOCKERS,3400000000,4 digit,232,10
CARBAMATES,7212000000,4 digit,233,10
CARBAPENEMS,1615000000,4 digit,234,10
CARBOHYDRATES,8010000000,4 digit,235,10
CARBONIC ANHYDRASE INHIBITORS,3710000000,4 digit,236,10
CARDIAC GLYCOSIDES,3120000000,4 digit,237,10
CARDIOLOGY SUPPLIES,9708000000,4 digit,238,10
CARDIOPLEGIC SOLUTIONS,4020000000,4 digit,239,10
CARDIOVASCULAR AGENTS MISC. - COMBINATIONS,4099000000,4 digit,240,10
CAUTERIZING AGENTS,9050000000,4 digit,241,10
CENTRAL MUSCLE RELAXANTS,7510000000,4 digit,242,10
CEPHALOSPORINS - 1ST GENERATION,0210000000,4 digit,243,10
CEPHALOSPORINS - 2ND GENERATION,0220000000,4 digit,244,10
CEPHALOSPORINS - 3RD GENERATION,0230000000,4 digit,245,10
CEPHALOSPORINS - 4TH GENERATION,0240000000,4 digit,246,10
CEPHALOSPORINS - 5TH GENERATION,0250000000,4 digit,247,10
CHELATING AGENTS,9920000000,4 digit,248,10
CHEMOTHERAPY ADJUNCTS,2176000000,4 digit,249,10
CHEMOTHERAPY RESCUE/ANTIDOTE AGENTS,2175000000,4 digit,250,10
CHLORAMPHENICOLS,1620000000,4 digit,251,10
CHLORIDE,7920000000,4 digit,252,10
CHLORINE ANTISEPTICS,9210000000,4 digit,253,10
CLARITHROMYCIN,0350000000,4 digit,254,10
CMV AGENTS,1220000000,4 digit,255,10
COBALAMINS,8210000000,4 digit,256,10
COLORING AGENTS,9830000000,4 digit,257,10
COMBINATION CONTRACEPTIVES - ORAL,2599000000,4 digit,258,10
COMBINATION CONTRACEPTIVES - TRANSDERMAL,2596000000,4 digit,259,10
COMBINATION CONTRACEPTIVES - VAGINAL,2597000000,4 digit,260,10
COMBINATION PSYCHOTHERAPEUTICS,6299000000,4 digit,261,10
COMPLEMENT INHIBITORS,8580000000,4 digit,262,10
CONCEPTION ASSISTANCE SUPPLIES,9742000000,4 digit,263,10
CONTACT LENS SOLUTIONS,8690000000,4 digit,264,10
CONTINUOUS RENAL REPLACEMENT THERAPY (CRRT) SOLUTIONS,9972000000,4 digit,265,10
CONTRACEPTIVES,9740000000,4 digit,266,10
CORTICOSTEROIDS - TOPICAL,9055000000,4 digit,267,10
CORTICOTROPIN,3030000000,4 digit,268,10
COUGH/COLD/ALLERGY COMBINATIONS,4399000000,4 digit,269,10
COUMARIN ANTICOAGULANTS,8320000000,4 digit,270,10
CYCLIC LIPOPEPTIDES,1627000000,4 digit,271,10
CYCLOPLEGIC MYDRIATICS,8635000000,4 digit,272,10
CYSTIC FIBROSIS AGENTS,4530000000,4 digit,273,10
CYSTINOSIS AGENTS,5640000000,4 digit,274,10
DELIVERY DEVICES,9865000000,4 digit,275,10
DENTAL PRODUCTS,8840000000,4 digit,276,10
DEPOLARIZING MUSCLE RELAXANTS,7410000000,4 digit,277,10
DIABETIC OTHER,2730000000,4 digit,278,10
DIABETIC SUPPLIES,9720000000,4 digit,279,10
DIAGNOSTIC BIOLOGICALS,9430000000,4 digit,280,10
DIAGNOSTIC DRUGS,9420000000,4 digit,281,10
"DIAGNOSTIC PRODUCTS, MISC.",9460000000,4 digit,282,10
DIAGNOSTIC RADIOPHARMACEUTICALS,9435000000,4 digit,283,10
DIAGNOSTIC TESTS,9410000000,4 digit,284,10
DIAPER RASH PRODUCTS,9060000000,4 digit,285,10
DIBENZAPINES,5915000000,4 digit,286,10
DIETARY MANAGEMENT PRODUCTS,8125000000,4 digit,287,10
DIGESTIVE AIDS - MIXTURES,5199000000,4 digit,288,10
DIGESTIVE ENZYMES,5120000000,4 digit,289,10
DIHYDROINDOLONES,5916000000,4 digit,290,10
DIPEPTIDYL PEPTIDASE-4 (DPP-4) INHIBITORS,2755000000,4 digit,291,10
DIRECT FACTOR XA INHIBITORS,8337000000,4 digit,292,10
DIRECT MUSCLE RELAXANTS,7520000000,4 digit,293,10
DIRECT RENIN INHIBITORS,3617000000,4 digit,294,10
DISINFECTANTS,9280000000,4 digit,295,10
DIURETIC COMBINATIONS,3799000000,4 digit,296,10
DIURETICS - MISCELLANEOUS,3790000000,4 digit,297,10
DOPAMINE RECEPTOR AGONISTS - ANTIDIABETIC,2757000000,4 digit,298,10
DOUCHE PRODUCTS,5520000000,4 digit,299,10
ELASTIC BANDAGES & SUPPORTS,9735000000,4 digit,300,10
ELECTROLYTE MIXTURES,7999000000,4 digit,301,10
EMERGENCY CONTRACEPTIVES,2540000000,4 digit,302,10
EMOLLIENT/KERATOLYTIC AGENTS,9066000000,4 digit,303,10
EMOLLIENTS,9065000000,4 digit,304,10
ENTERAL NUTRITION SUPPLIES,9725000000,4 digit,305,10
ENZYMES,9935000000,4 digit,306,10
ENZYMES - TOPICAL,9070000000,4 digit,307,10
ERYTHROMYCINS,0310000000,4 digit,308,10
ESTROGEN COMBINATIONS,2499000000,4 digit,309,10
ESTROGENS,2400000000,4 digit,310,10
EXPECTORANTS,4320000000,4 digit,311,10
EXTENDED-SPECTRUM PENICILLINS,0140000000,4 digit,312,10
FECAL INCONTINENCE BULKING AGENTS,9937000000,4 digit,313,10
FEMALE PERSONAL CARE PRODUCTS,9745000000,4 digit,314,10
FERTILITY REGULATORS,3006000000,4 digit,315,10
FIBRIC ACID DERIVATIVES,3920000000,4 digit,316,10
FIBROMYALGIA AGENTS,6250000000,4 digit,317,10
FIDAXOMICIN,0353000000,4 digit,318,10
FIRST AID KITS,9785000000,4 digit,319,10
FLAVORING AGENTS,9833000000,4 digit,320,10
FLUORIDE,7930000000,4 digit,321,10
FLUOROQUINOLONES,0500000000,4 digit,322,10
FOLIC ACID/FOLATES,8220000000,4 digit,323,10
FOOT CARE PRODUCTS,9780000000,4 digit,324,10
GABA MODULATORS,7217000000,4 digit,325,10
GALLSTONE SOLUBILIZING AGENTS,5210000000,4 digit,326,10
GASTRIC ACIDIFIERS,5130000000,4 digit,327,10
GASTROINTESTINAL ADSORBENTS,4720000000,4 digit,328,10
GASTROINTESTINAL ANTIALLERGY AGENTS,5216000000,4 digit,329,10
GASTROINTESTINAL CHLORIDE CHANNEL ACTIVATORS,5245000000,4 digit,330,10
GASTROINTESTINAL STIMULANTS,5230000000,4 digit,331,10
GELATIN CAPSULES (EMPTY),9870000000,4 digit,332,10
GENITOURINARY IRRIGANTS,5670000000,4 digit,333,10
GI-GU OSTOMY & IRRIGATION SUPPLIES,9715000000,4 digit,334,10
GLABELLAR LINES (FROWN LINES) AGENTS,9089000000,4 digit,335,10
GLUCOCORTICOSTEROIDS,2210000000,4 digit,336,10
GLYCYLCYCLINES,1629000000,4 digit,337,10
GNRH/LHRH ANTAGONISTS,3009000000,4 digit,338,10
GOLD COMPOUNDS,6620000000,4 digit,339,10
GOUT AGENT COMBINATIONS,6899000000,4 digit,340,10
GOUT AGENTS,6800000000,4 digit,341,10
GROWTH HORMONE RECEPTOR ANTAGONISTS,3018000000,4 digit,342,10
GROWTH HORMONE RELEASING HORMONES (GHRH),3015000000,4 digit,343,10
GROWTH HORMONES,3010000000,4 digit,344,10
H-2 ANTAGONISTS,4920000000,4 digit,345,10
HAIR GROWTH AGENTS,9073000000,4 digit,346,10
HAIR REDUCTION AGENTS,9074000000,4 digit,347,10
HEATING/COOLING AIDS,9737000000,4 digit,348,10
HEMATOPOIETIC GROWTH FACTORS,8240000000,4 digit,349,10
HEMATOPOIETIC MIXTURES,8299000000,4 digit,350,10
HEMATORHEOLOGIC AGENTS,8520000000,4 digit,351,10
HEMIN,8525000000,4 digit,352,10
HEMOSTATICS - SYSTEMIC,8410000000,4 digit,353,10
HEMOSTATICS - TOPICAL,8420000000,4 digit,354,10
HEPARINS AND HEPARINOID-LIKE AGENTS,8310000000,4 digit,355,10
HEPATITIS AGENTS,1235000000,4 digit,356,10
HERPES AGENTS,1240000000,4 digit,357,10
HMG COA REDUCTASE INHIBITORS,3940000000,4 digit,358,10
HOMEOPATHIC PRODUCTS,9987000000,4 digit,359,10
HORMONE RECEPTOR MODULATORS,3005000000,4 digit,360,10
HUMAN PROTEIN C,8555000000,4 digit,361,10
HYDANTOINS,7220000000,4 digit,362,10
HYPNOTIC COMBINATIONS,6099000000,4 digit,363,10
HYPNOTICS - TRICYCLIC AGENTS,6040000000,4 digit,364,10
IMIDAZOLE-RELATED ANTIFUNGALS,1140000000,4 digit,365,10
IMMUNE SERUMS,1910000000,4 digit,366,10
IMMUNOMODULATING AGENTS - TOPICAL,9077000000,4 digit,367,10
IMMUNOMODULATORS,9939000000,4 digit,368,10
IMMUNOSUPPRESSIVE AGENTS,9940000000,4 digit,369,10
IMMUNOSUPPRESSIVE AGENTS - TOPICAL,9078000000,4 digit,370,10
IMPOTENCE AGENTS,4030000000,4 digit,371,10
IMPOTENCE AIDS,9747000000,4 digit,372,10
IN VITRO ANTICOAGULANTS,8340000000,4 digit,373,10
IN VITRO HEMATOLOGIC AGENTS,8527000000,4 digit,374,10
INCRETIN MIMETIC AGENTS (GLP-1 RECEPTOR AGONISTS),2717000000,4 digit,375,10
INFANT CARE PRODUCTS,9755000000,4 digit,376,10
INFANT FOODS,8110000000,4 digit,377,10
INFLAMMATORY BOWEL AGENTS,5250000000,4 digit,378,10
INFLUENZA AGENTS,1250000000,4 digit,379,10
INSULIN,2710000000,4 digit,380,10
INSULIN SENSITIZING AGENTS,2760000000,4 digit,381,10
INSULIN-LIKE GROWTH FACTORS (SOMATOMEDINS),3016000000,4 digit,382,10
INTERLEUKIN-1 BLOCKERS,6645000000,4 digit,383,10
INTERLEUKIN-1 RECEPTOR ANTAGONIST (IL-1RA),6626000000,4 digit,384,10
INTERLEUKIN-1BETA BLOCKERS,6646000000,4 digit,385,10
INTERLEUKIN-6 RECEPTOR INHIBITORS,6650000000,4 digit,386,10
INTERNAL VEHICLE INGREDIENTS/AGENTS,9836000000,4 digit,387,10
INTERSTITIAL CYSTITIS AGENTS,5650000000,4 digit,388,10
INTESTINAL ACIDIFIERS,5240000000,4 digit,389,10
INTESTINAL CHOLESTEROL ABSORPTION INHIBITORS,3930000000,4 digit,390,10
INTRARECTAL STEROIDS,8915000000,4 digit,391,10
IODINE ANTISEPTICS,9220000000,4 digit,392,10
IODINE PRODUCTS,7935000000,4 digit,393,10
IRON,8230000000,4 digit,394,10
IRON & B12 W/ VITAMINS,7863000000,4 digit,395,10
IRON W/ VITAMINS,7861000000,4 digit,396,10
IRRIGATION SOLUTIONS,9975000000,4 digit,397,10
IRRITABLE BOWEL SYNDROME (IBS) AGENTS,5255000000,4 digit,398,10
KERATOLYTIC/ANTIMITOTIC AGENTS,9075000000,4 digit,399,10
KETOLIDES,1621000000,4 digit,400,10
LAXATIVE COMBINATIONS,4699000000,4 digit,401,10
LAXATIVES - MISCELLANEOUS,4660000000,4 digit,402,10
LEPROSTATICS,1630000000,4 digit,403,10
LEUKOTRIENE MODULATORS,4450000000,4 digit,404,10
LHRH/GNRH AGONIST ANALOG PITUITARY SUPPRESSANTS,3008000000,4 digit,405,10
LINCOSAMIDES,1622000000,4 digit,406,10
LINIMENTS,9080000000,4 digit,407,10
LIPIDS,8020000000,4 digit,408,10
LIPOTROPICS,8040000000,4 digit,409,10
LIQUID VEHICLES,9840000000,4 digit,410,10
LIQUIDS,9620000000,4 digit,411,10
LOCAL ANESTHETIC COMBINATIONS,6999000000,4 digit,412,10
LOCAL ANESTHETICS - AMIDES,6910000000,4 digit,413,10
LOCAL ANESTHETICS - ESTERS,6920000000,4 digit,414,10
LOCAL ANESTHETICS - TOPICAL,9085000000,4 digit,415,10
LOOP DIURETICS,3720000000,4 digit,416,10
LOZENGES,8820000000,4 digit,417,10
LUBRICANT LAXATIVES,4640000000,4 digit,418,10
MAGNESIUM,7940000000,4 digit,419,10
MANGANESE,7950000000,4 digit,420,10
MEGLITINIDE ANALOGUES,2728000000,4 digit,421,10
MERCURY ANTISEPTICS,9230000000,4 digit,422,10
METABOLIC MODIFIERS,3090000000,4 digit,423,10
MIGRAINE COMBINATIONS,6799000000,4 digit,424,10
MIGRAINE PRODUCTS,6700000000,4 digit,425,10
MIGRAINE PRODUCTS - NSAIDS,6760000000,4 digit,426,10
MINERAL COMBINATIONS,7985000000,4 digit,427,10
MINERALOCORTICOIDS,2220000000,4 digit,428,10
MIOTICS,8650000000,4 digit,429,10
MISC NATURAL PRODUCTS,9985000000,4 digit,430,10
MISC. ANTI-ULCER,4930000000,4 digit,431,10
MISC. DERMATOLOGICAL PRODUCTS,9099000000,4 digit,432,10
MISC. DEVICES,9770000000,4 digit,433,10
MISC. NUTRITIONAL FACTORS,7730000000,4 digit,434,10
MISC. NUTRITIONAL SUBSTANCES,8050000000,4 digit,435,10
MISC. RESPIRATORY INHALANTS,4340000000,4 digit,436,10
MISC. TOPICAL,9097000000,4 digit,437,10
MISCELLANEOUS CONTRAST MEDIA,9450000000,4 digit,438,10
MISCELLANEOUS VAGINAL PRODUCTS,5540000000,4 digit,439,10
MITOTIC INHIBITORS,2150000000,4 digit,440,10
MIXED VACCINE COMBINATIONS,1799000000,4 digit,441,10
MODIFIED CYCLICS,5812000000,4 digit,442,10
MONOAMINE OXIDASE INHIBITORS (MAOIS),5810000000,4 digit,443,10
MONOCLONAL ANTIBODIES,1950000000,4 digit,444,10
MOUTHWASHES,8830000000,4 digit,445,10
MOVEMENT DISORDER DRUG THERAPY,6238000000,4 digit,446,10
MUCOLYTICS,4330000000,4 digit,447,10
MULTIPLE SCLEROSIS AGENTS,6240000000,4 digit,448,10
MULTIPLE VITAMINS W/ CALCIUM,7835000000,4 digit,449,10
MULTIPLE VITAMINS W/ IRON,7821000000,4 digit,450,10
MULTIPLE VITAMINS W/ MINERALS,7831000000,4 digit,451,10
MULTIPLE VITAMINS W/ MINERALS & CALCIUM-FOLIC ACID,7836000000,4 digit,452,10
MULTIVITAMINS,7820000000,4 digit,453,10
MUSCLE RELAXANT COMBINATIONS,7599000000,4 digit,454,10
NASAL AGENT COMBINATIONS,4299000000,4 digit,455,10
NASAL AGENTS - MISC.,4250000000,4 digit,456,10
NASAL ANTI-INFECTIVES,4225000000,4 digit,457,10
NASAL ANTIALLERGY,4240000000,4 digit,458,10
NASAL ANTICHOLINERGICS,4230000000,4 digit,459,10
NASAL STEROIDS,4220000000,4 digit,460,10
NATURAL PENICILLINS,0110000000,4 digit,461,10
NEUROMUSCULAR BLOCKING AGENT - NEUROTOXINS,7440000000,4 digit,462,10
NICOTINIC ACID DERIVATIVES,3945000000,4 digit,463,10
NITRATES,3210000000,4 digit,464,10
NON GELATIN CAPSULES (EMPTY),9871000000,4 digit,465,10
NON-BARBITURATE HYPNOTICS,6020000000,4 digit,466,10
NONDEPOLARIZING MUSCLE RELAXANTS,7420000000,4 digit,467,10
NONSTEROIDAL ANTI-INFLAMMATORY AGENTS (NSAIDS),6610000000,4 digit,468,10
NUTRITIONAL SUBSTITUTES,8140000000,4 digit,469,10
NUTRITIONAL SUPPLEMENTS,8120000000,4 digit,470,10
OIL SOLUBLE VITAMINS,7720000000,4 digit,471,10
OPHTHALMIC - ANGIOGENESIS INHIBITORS,8665000000,4 digit,472,10
OPHTHALMIC ADRENERGIC AGENTS,8660000000,4 digit,473,10
OPHTHALMIC ANTI-INFECTIVES,8610000000,4 digit,474,10
OPHTHALMIC DECONGESTANTS,8640000000,4 digit,475,10
OPHTHALMIC IMMUNOMODULATORS,8672000000,4 digit,476,10
OPHTHALMIC LOCAL ANESTHETICS,8675000000,4 digit,477,10
OPHTHALMIC PHOTODYNAMIC THERAPY AGENTS,8670000000,4 digit,478,10
OPHTHALMIC STEROIDS,8630000000,4 digit,479,10
OPHTHALMIC SURGICAL AIDS,8678000000,4 digit,480,10
OPHTHALMICS - MISC.,8680000000,4 digit,481,10
OPIOID AGONISTS,6510000000,4 digit,482,10
OPIOID ANTAGONISTS,9340000000,4 digit,483,10
OPIOID COMBINATIONS,6599000000,4 digit,484,10
OPIOID PARTIAL AGONISTS,6520000000,4 digit,485,10
OPTICAL AND OPHTHALMIC SUPPLIES,9760000000,4 digit,486,10
ORAL HYGIENE PRODUCTS,9750000000,4 digit,487,10
ORGAN PRESERVATION SOLUTIONS,9980000000,4 digit,488,10
OSMOTIC DIURETICS,3740000000,4 digit,489,10
OTIC AGENTS - MISCELLANEOUS,8740000000,4 digit,490,10
OTIC ANALGESICS,8720000000,4 digit,491,10
OTIC ANTI-INFECTIVES,8710000000,4 digit,492,10
OTIC COMBINATIONS,8799000000,4 digit,493,10
OTIC STEROIDS,8730000000,4 digit,494,10
OXAZOLIDINONES,1623000000,4 digit,495,10
OXYTOCICS,2900000000,4 digit,496,10
PARENTERAL THERAPY SUPPLIES,9705000000,4 digit,497,10
PED MULTI VITAMINS W/FL & FE,7845000000,4 digit,498,10
PED MULTIPLE VITAMINS W/ MINERALS,7842000000,4 digit,499,10
PED MV W/ FLUORIDE,7844000000,4 digit,500,10
PED MV W/ IRON,7843000000,4 digit,501,10
PEDIATRIC MULTIPLE VITAMINS,7841000000,4 digit,502,10
PEDIATRIC VITAMINS,7840000000,4 digit,503,10
PENICILLIN COMBINATIONS,0199000000,4 digit,504,10
PENICILLINASE-RESISTANT PENICILLINS,0130000000,4 digit,505,10
PERIODONTAL PRODUCTS,8845000000,4 digit,506,10
PERIPHERAL OPIOID RECEPTOR ANTAGONISTS,5258000000,4 digit,507,10
PERIPHERAL VASODILATORS,4010000000,4 digit,508,10
PERITONEAL DIALYSIS,9717000000,4 digit,509,10
PERITONEAL DIALYSIS SOLUTIONS,9970000000,4 digit,510,10
PHARMACEUTICAL ADJUVANTS MISCELLANOUS,9890000000,4 digit,511,10
PHARMACEUTICAL EXCIPIENTS,9835000000,4 digit,512,10
PHENOTHIAZINES,5920000000,4 digit,513,10
PHOSPHATE,7960000000,4 digit,514,10
PHOSPHATE BINDER AGENTS,5280000000,4 digit,515,10
PHOSPHODIESTERASE INHIBITORS,3110000000,4 digit,516,10
PIGMENTING-DEPIGMENTING AGENTS,9087000000,4 digit,517,10
PLACEBOS,9880000000,4 digit,518,10
PLASMA EXPANDERS,8530000000,4 digit,519,10
PLASMA KALLIKREIN INHIBITORS,8584000000,4 digit,520,10
PLASMA PROTEINS,8540000000,4 digit,521,10
PLATELET AGGREGATION INHIBITORS,8515000000,4 digit,522,10
PLEURAL SCLEROSING AGENTS,4550000000,4 digit,523,10
PODIATRIC PRODUCTS,9098000000,4 digit,524,10
POISON IVY PRODUCTS,9095000000,4 digit,525,10
POLYMYXINS,1610000000,4 digit,526,10
POSTERIOR PITUITARY HORMONES,3020000000,4 digit,527,10
POSTHERPETIC NEURALGIA (PHN) AGENTS,6254000000,4 digit,528,10
POTASSIUM,7970000000,4 digit,529,10
POTASSIUM REMOVING RESINS,9945000000,4 digit,530,10
POTASSIUM SPARING DIURETICS,3750000000,4 digit,531,10
PREMENSTRUAL DYSPHORIC DISORDER (PMDD) AGENTS,6220000000,4 digit,532,10
PRENATAL VITAMINS,7851000000,4 digit,533,10
PROGESTERONE RECEPTOR ANTAGONISTS,3050000000,4 digit,534,10
PROGESTIN CONTRACEPTIVES - IMPLANTS,2530000000,4 digit,535,10
PROGESTIN CONTRACEPTIVES - INJECTABLE,2515000000,4 digit,536,10
PROGESTIN CONTRACEPTIVES - IUD,2520000000,4 digit,537,10
PROGESTIN CONTRACEPTIVES - ORAL,2510000000,4 digit,538,10
PROGESTINS,2600000000,4 digit,539,10
PROLACTIN INHIBITORS,3040000000,4 digit,540,10
PROSTAGLANDIN VASODILATORS,4017000000,4 digit,541,10
PROSTAGLANDINS,9950000000,4 digit,542,10
PROSTAGLANDINS - OPHTHALMIC 8633000000,8633000000,4 digit,543,10
PROSTATIC HYPERTROPHY AGENTS 5685000000,5685000000,4 digit,544,10
PROTAMINE 8550000000,8550000000,4 digit,545,10
PROTEINS 8030000000,8030000000,4 digit,546,10
PROTON PUMP INHIBITORS 4927000000,4927000000,4 digit,547,10
PSEUDOBULBAR AFFECT (PBA) AGENTS 6260000000,6260000000,4 digit,548,10
PSYCHOTHERAPEUTIC AND NEUROLOGICAL AGENTS - MISC. 6200000000,6200000000,4 digit,549,10
PULMONARY HYPERTENSION - ENDOTHELIN RECEPTOR ANTAGONIS4T0S16000000,0S16000000,4 digit,550,10
PULMONARY HYPERTENSION - PHOSPHODIESTERASE INHIBITORS 4014000000,4014000000,4 digit,551,10
PYRIMIDINE SYNTHESIS INHIBITORS 6628000000,6628000000,4 digit,552,10
QUINOLINONE DERIVATIVES 5925000000,5925000000,4 digit,553,10
RADIOGRAPHIC CONTRAST MEDIA 9440000000,9440000000,4 digit,554,10
RECTAL COMBINATIONS 8999000000,8999000000,4 digit,555,10
RECTAL LOCAL ANESTHETICS 8920000000,8920000000,4 digit,556,10
RECTAL PRODUCTS - MISC. 8930000000,8930000000,4 digit,557,10
RECTAL PROTECTANTS-EMOLLIENTS 8940000000,8940000000,4 digit,558,10
RECTAL STEROIDS 8910000000,8910000000,4 digit,559,10
RESPIRATORY AGENTS - MISC. 4500000000,4500000000,4 digit,560,10
RESPIRATORY AIDS 9712000000,9712000000,4 digit,561,10
RESPIRATORY SYNCYTIAL VIRUS (RSV) AGENTS 1260000000,1260000000,4 digit,562,10
RESPIRATORY THERAPY SUPPLIES 9710000000,9710000000,4 digit,563,10
RESTLESS LEG SYNDROME (RLS) AGENTS 6256000000,6256000000,4 digit,564,10
ROSACEA AGENTS 9006000000,9006000000,4 digit,565,10
SALICYLATES 6410000000,6410000000,4 digit,566,10
SALINE LAXATIVES 4610000000,4610000000,4 digit,567,10
SCABICIDES & PEDICULICIDES 9090000000,9090000000,4 digit,568,10
SCAR TREATMENT PRODUCTS 9093000000,9093000000,4 digit,569,10
SCLEROSING AGENTS 9965000000,9965000000,4 digit,570,10
SELECTIVE ALDOSTERONE RECEPTOR ANTAGONISTS (SARAS) 3625000000,3625000000,4 digit,571,10
SELECTIVE COSTIMULATION MODULATORS,6640000000,4 digit,572,10
SELECTIVE MELATONIN RECEPTOR AGONISTS,6025000000,4 digit,573,10
SELECTIVE PHOSPHODIESTERASE 4 (PDE4) INHIBITORS,4445000000,4 digit,574,10
SELECTIVE SEROTONIN REUPTAKE INHIBITORS (SSRIS),5816000000,4 digit,575,10
SEMI SOLID VEHICLES,9860000000,4 digit,576,10
SEMI-SOLIDS,9640000000,4 digit,577,10
SEPSIS SYNDROME AGENTS,1660000000,4 digit,578,10
SEROTONIN AGONISTS,6740000000,4 digit,579,10
SEROTONIN-NOREPINEPHRINE REUPTAKE INHIBITORS (SNRIS),5818000000,4 digit,580,10
SILVER ANTISEPTICS,9240000000,4 digit,581,10
SMOKING DETERRENTS,6210000000,4 digit,582,10
SODIUM,7975000000,4 digit,583,10
SOLIDS,9630000000,4 digit,584,10
SOLUBLE TUMOR NECROSIS FACTOR RECEPTOR AGENTS,6629000000,4 digit,585,10
SOMATOSTATIC AGENTS,3017000000,4 digit,586,10
SPECIALTY VITAMINS PRODUCTS,7850000000,4 digit,587,10
SPERMICIDES,5530000000,4 digit,588,10
STEM CELL MOBILIZERS,8250000000,4 digit,589,10
STEROID INHALANTS,4440000000,4 digit,590,10
STEROIDS - MOUTH/THROAT,8825000000,4 digit,591,10
STIMULANT LAXATIVES,4620000000,4 digit,592,10
STIMULANTS - MISC.,6140000000,4 digit,593,10
STREPTOGRAMINS,1625000000,4 digit,594,10
SUBSTANCE P/NEUROKININ 1 (NK1) RECEPTOR ANTAGONISTS,5028000000,4 digit,595,10
SUCCINIMIDES,7240000000,4 digit,596,10
SULFONAMIDES,0800000000,4 digit,597,10
SULFONYLUREAS,2720000000,4 digit,598,10
SUNSCREENS,9092000000,4 digit,599,10
SURFACTANT LAXATIVES,4650000000,4 digit,600,10
SURFACTANTS,9837000000,4 digit,601,10
SURGICAL SUPPLIES,9736000000,4 digit,602,10
SYMPATHOMIMETIC DECONGESTANTS,4210000000,4 digit,603,10
SYMPATHOMIMETICS,4420000000,4 digit,604,10
SYSTEMIC LUPUS ERYTHEMATOSUS AGENTS,9942000000,4 digit,605,10
TAR PRODUCTS,9052000000,4 digit,606,10
TETRACYCLINE COMBINATIONS,0499000000,4 digit,607,10
TETRACYCLINES,0400000000,4 digit,608,10
THIAZIDES AND THIAZIDE-LIKE DIURETICS,3760000000,4 digit,609,10
THIOXANTHENES,5930000000,4 digit,610,10
THROAT PRODUCTS - MISC.,8850000000,4 digit,611,10
THROMBIN INHIBITORS,8333000000,4 digit,612,10
THROMBOLYTIC ENZYMES,8560000000,4 digit,613,10
THYROID HORMONES,2810000000,4 digit,614,10
TOPICAL ANTIDOTES,9380000000,4 digit,615,10
TOPOISOMERASE I INHIBITORS,2155000000,4 digit,616,10
TOXOID COMBINATIONS,1899000000,4 digit,617,10
TOXOIDS,1800000000,4 digit,618,10
TRACE MINERALS,7990000000,4 digit,619,10
TRICYCLIC AGENTS,5820000000,4 digit,620,10
ULCER DRUGS - PROSTAGLANDINS,4925000000,4 digit,621,10
ULCER THERAPY COMBINATIONS,4999000000,4 digit,622,10
URICOSURICS,6810000000,4 digit,623,10
URINARY ANALGESICS,5630000000,4 digit,624,10
URINARY ANTI-INFECTIVE COMBINATIONS,5399000000,4 digit,625,10
URINARY ANTI-INFECTIVES,5300000000,4 digit,626,10
URINARY ANTISPASMODIC COMBINATIONS,5499000000,4 digit,627,10
URINARY ANTISPASMODICS,5400000000,4 digit,628,10
URINARY STONE AGENTS,5660000000,4 digit,629,10
VAGINAL ANTI-INFECTIVES,5510000000,4 digit,630,10
VAGINAL ESTROGENS,5535000000,4 digit,631,10
VAGINAL PROGESTINS,5537000000,4 digit,632,10
VALPROIC ACID,7250000000,4 digit,633,10
VASOACTIVE NATRIURETIC PEPTIDES,4018000000,4 digit,634,10
VASODILATING AGENTS,8925000000,4 digit,635,10
VASODILATORS,3640000000,4 digit,636,10
VASOPRESSIN RECEPTOR ANTAGONISTS,3045000000,4 digit,637,10
VASOPRESSORS,3800000000,4 digit,638,10
VIRAL VACCINES,1710000000,4 digit,639,10
VISCOSUPPLEMENTS,7580000000,4 digit,640,10
VITAMIN MIXTURES,7810000000,4 digit,641,10
VITAMINS W/ LIPOTROPICS,7852000000,4 digit,642,10
VOLATILE ANESTHETICS,7020000000,4 digit,643,10
WATER SOLUBLE VITAMINS,7710000000,4 digit,644,10
WOUND CARE PRODUCTS,9094000000,4 digit,645,10
XANTHINES,4430000000,4 digit,646,10
ZINC,7980000000,4 digit,647,10
